name,targetType,isActive,data,description
Case: Auto-Assignment & Acknowledgment,Case,,"{""list"": [{""type"": ""eventStartConditional"", ""center"": {""x"": 60, ""y"": 160}, ""triggerType"": ""afterRecordCreated"", ""isInterrupting"": false, ""id"": ""start_case_open"", ""text"": ""Case Created\\n(Status: Open)"", ""conditionsAll"": [{""type"": ""all"", ""comparison"": ""equals"", ""fieldToCompare"": ""status"", ""value"": ""Open""}], ""conditionsAny"": [], ""conditionsFormula"": """"}, {""type"": ""gatewayExclusive"", ""center"": {""x"": 200, ""y"": 160}, ""id"": ""check_branch"", ""text"": ""Branch\\nSelected?"", ""defaultFlowId"": ""flow_no_branch"", ""flowList"": [{""id"": ""flow_has_branch"", ""conditionsAll"": [{""type"": ""all"", ""comparison"": ""isNotNull"", ""fieldToCompare"": ""cBranchId""}]}]}, {""startId"": ""start_case_open"", ""endId"": ""check_branch"", ""type"": ""flow""}, {""type"": ""task"", ""center"": {""x"": 340, ""y"": 100}, ""id"": ""assign_branch"", ""text"": ""Assign to Branch Team"", ""description"": ""Apply round-robin assignment to branch team"", ""actionList"": [{""type"": ""applyAssignmentRule"", ""target"": ""round-robin""}]}, {""startId"": ""check_branch"", ""endId"": ""assign_branch"", ""id"": ""flow_has_branch"", ""type"": ""flow"", ""text"": ""Yes""}, {""type"": ""gatewayExclusive"", ""center"": {""x"": 340, ""y"": 220}, ""id"": ""check_category"", ""text"": ""Case\\nCategory?"", ""flowList"": [{""id"": ""flow_service"", ""conditionsAll"": [{""type"": ""all"", ""comparison"": ""equals"", ""fieldToCompare"": ""type"", ""value"": ""Service""}]}, {""id"": ""flow_complaint"", ""conditionsAll"": [{""type"": ""all"", ""comparison"": ""equals"", ""fieldToCompare"": ""type"", ""value"": ""Complaint""}]}], ""defaultFlowId"": ""flow_inquiry""}, {""startId"": ""check_branch"", ""endId"": ""check_category"", ""id"": ""flow_no_branch"", ""type"": ""flow"", ""text"": ""No"", ""isDefault"": true}, {""type"": ""task"", ""center"": {""x"": 480, ""y"": 160}, ""id"": ""assign_service"", ""text"": ""Assign to CS Team\\n(Round-Robin)"", ""actionList"": [{""type"": ""applyAssignmentRule"", ""target"": ""round-robin""}]}, {""type"": ""task"", ""center"": {""x"": 480, ""y"": 220}, ""id"": ""assign_complaint"", ""text"": ""Assign to Complaints\\n(Least-Busy)"", ""actionList"": [{""type"": ""applyAssignmentRule"", ""target"": ""least-busy""}]}, {""type"": ""task"", ""center"": {""x"": 480, ""y"": 280}, ""id"": ""assign_inquiry"", ""text"": ""Assign to Inquiry Team\\n(Round-Robin)"", ""actionList"": [{""type"": ""applyAssignmentRule"", ""target"": ""round-robin""}]}, {""startId"": ""check_category"", ""endId"": ""assign_service"", ""id"": ""flow_service"", ""type"": ""flow"", ""text"": ""Service""}, {""startId"": ""check_category"", ""endId"": ""assign_complaint"", ""id"": ""flow_complaint"", ""type"": ""flow"", ""text"": ""Complaint""}, {""startId"": ""check_category"", ""endId"": ""assign_inquiry"", ""id"": ""flow_inquiry"", ""type"": ""flow"", ""text"": ""Inquiry"", ""isDefault"": true}, {""type"": ""gatewayParallel"", ""center"": {""x"": 620, ""y"": 160}, ""id"": ""parallel_notify"", ""text"": ""Send Notifications""}, {""startId"": ""assign_branch"", ""endId"": ""parallel_notify"", ""type"": ""flow""}, {""startId"": ""assign_service"", ""endId"": ""parallel_notify"", ""type"": ""flow""}, {""startId"": ""assign_complaint"", ""endId"": ""parallel_notify"", ""type"": ""flow""}, {""startId"": ""assign_inquiry"", ""endId"": ""parallel_notify"", ""type"": ""flow""}, {""type"": ""taskSendMessage"", ""center"": {""x"": 760, ""y"": 100}, ""id"": ""send_email"", ""text"": ""Send Acknowledgment\\nEmail"", ""messageType"": ""Email"", ""from"": ""system"", ""to"": ""targetEntity.contact"", ""doNotStore"": false}, {""type"": ""task"", ""center"": {""x"": 760, ""y"": 220}, ""id"": ""send_sms"", ""text"": ""Send SMS\\nNotification"", ""actionList"": [{""type"": ""updateEntity"", ""formula"": ""// SMS via API integration\\n$mobile = entity\\\\attribute('contact.phoneNumber');""}]}, {""startId"": ""parallel_notify"", ""endId"": ""send_email"", ""type"": ""flow""}, {""startId"": ""parallel_notify"", ""endId"": ""send_sms"", ""type"": ""flow""}, {""type"": ""gatewayParallel"", ""center"": {""x"": 900, ""y"": 160}, ""id"": ""parallel_join"", ""text"": ""Join""}, {""startId"": ""send_email"", ""endId"": ""parallel_join"", ""type"": ""flow""}, {""startId"": ""send_sms"", ""endId"": ""parallel_join"", ""type"": ""flow""}, {""type"": ""task"", ""center"": {""x"": 1040, ""y"": 160}, ""id"": ""update_status"", ""text"": ""Update Status to\\nIn Progress"", ""actionList"": [{""type"": ""updateEntity"", ""fields"": {""status"": {""subjectType"": ""value"", ""attributes"": {""status"": ""In Progress""}}}}]}, {""startId"": ""parallel_join"", ""endId"": ""update_status"", ""type"": ""flow""}, {""type"": ""eventEnd"", ""center"": {""x"": 1180, ""y"": 160}, ""id"": ""end""}, {""startId"": ""update_status"", ""endId"": ""end"", ""type"": ""flow""}]}","Automatically assigns cases based on branch or category and sends acknowledgments.

ASSIGNMENT LOGIC:
1. If Branch selected → Assign to Branch Team (Round-Robin)
2. If No Branch:
   - Service → Customer Service Team (Round-Robin)
   - Complaint → Complaints Team (Least-Busy)
   - Inquiry → Inquiry Team (Round-Robin)

NOTIFICATIONS:
- Email acknowledgment to customer
- SMS notification to customer  
- Status updated to ""In Progress""

TRIGGER: Case created with status = ""Open""
"
Case: Status Change Handling,Case,,"{""list"": [{""type"": ""eventStartConditional"", ""center"": {""x"": 60, ""y"": 160}, ""triggerType"": ""afterRecordUpdated"", ""isInterrupting"": false, ""id"": ""start_status_change"", ""text"": ""Status Changed"", ""conditionsAll"": [{""type"": ""all"", ""comparison"": ""wasEqual"", ""fieldToCompare"": ""status"", ""value"": ""Open"", ""not"": true}]}, {""type"": ""gatewayExclusive"", ""center"": {""x"": 200, ""y"": 160}, ""id"": ""check_new_status"", ""text"": ""New Status?"", ""flowList"": [{""id"": ""flow_escalated"", ""conditionsAll"": [{""type"": ""all"", ""comparison"": ""equals"", ""fieldToCompare"": ""status"", ""value"": ""Escalated""}]}, {""id"": ""flow_resolved"", ""conditionsAll"": [{""type"": ""all"", ""comparison"": ""equals"", ""fieldToCompare"": ""status"", ""value"": ""Resolved""}]}, {""id"": ""flow_closed"", ""conditionsAll"": [{""type"": ""all"", ""comparison"": ""equals"", ""fieldToCompare"": ""status"", ""value"": ""Closed""}]}], ""defaultFlowId"": ""flow_other""}, {""startId"": ""start_status_change"", ""endId"": ""check_new_status"", ""type"": ""flow""}, {""type"": ""task"", ""center"": {""x"": 340, ""y"": 60}, ""id"": ""escalate_supervisor"", ""text"": ""Reassign to Supervisor"", ""actionList"": [{""type"": ""updateEntity"", ""formula"": ""$userId = entity\\\\attribute('assignedUserId');\\n$supervisor = record\\\\attribute('User', $userId, 'superiorId');\\nif($supervisor) {\\n  entity\\\\setAttribute('assignedUserId', $supervisor);\\n}""}]}, {""startId"": ""check_new_status"", ""endId"": ""escalate_supervisor"", ""id"": ""flow_escalated"", ""type"": ""flow"", ""text"": ""Escalated""}, {""type"": ""taskSendMessage"", ""center"": {""x"": 480, ""y"": 60}, ""id"": ""notify_supervisor"", ""text"": ""Notify Supervisor"", ""messageType"": ""Email"", ""from"": ""system"", ""to"": ""targetEntity.assignedUser""}, {""startId"": ""escalate_supervisor"", ""endId"": ""notify_supervisor"", ""type"": ""flow""}, {""type"": ""task"", ""center"": {""x"": 340, ""y"": 160}, ""id"": ""record_resolution"", ""text"": ""Record Resolution Time"", ""actionList"": [{""type"": ""updateEntity"", ""formula"": ""$now = datetime\\\\now();\\nentity\\\\setAttribute('cResolvedAt', $now);""}]}, {""startId"": ""check_new_status"", ""endId"": ""record_resolution"", ""id"": ""flow_resolved"", ""type"": ""flow"", ""text"": ""Resolved""}, {""type"": ""taskSendMessage"", ""center"": {""x"": 480, ""y"": 160}, ""id"": ""send_resolution"", ""text"": ""Send Resolution Email"", ""messageType"": ""Email"", ""from"": ""system"", ""to"": ""targetEntity.contact""}, {""startId"": ""record_resolution"", ""endId"": ""send_resolution"", ""type"": ""flow""}, {""type"": ""eventIntermediateTimerCatch"", ""center"": {""x"": 620, ""y"": 160}, ""timerShift"": 7, ""timerShiftUnits"": ""days"", ""timerShiftOperator"": ""plus"", ""id"": ""wait_7days"", ""text"": ""Wait 7 Days""}, {""startId"": ""send_resolution"", ""endId"": ""wait_7days"", ""type"": ""flow""}, {""type"": ""task"", ""center"": {""x"": 760, ""y"": 160}, ""id"": ""auto_close"", ""text"": ""Auto-Close Case"", ""actionList"": [{""type"": ""updateEntity"", ""fields"": {""status"": {""subjectType"": ""value"", ""attributes"": {""status"": ""Closed""}}}}]}, {""startId"": ""wait_7days"", ""endId"": ""auto_close"", ""type"": ""flow""}, {""type"": ""taskSendMessage"", ""center"": {""x"": 340, ""y"": 260}, ""id"": ""send_closure"", ""text"": ""Send Closure Email"", ""messageType"": ""Email"", ""from"": ""system"", ""to"": ""targetEntity.contact""}, {""startId"": ""check_new_status"", ""endId"": ""send_closure"", ""id"": ""flow_closed"", ""type"": ""flow"", ""text"": ""Closed""}, {""type"": ""eventEnd"", ""center"": {""x"": 900, ""y"": 160}, ""id"": ""end""}, {""startId"": ""notify_supervisor"", ""endId"": ""end"", ""type"": ""flow""}, {""startId"": ""auto_close"", ""endId"": ""end"", ""type"": ""flow""}, {""startId"": ""send_closure"", ""endId"": ""end"", ""type"": ""flow""}, {""startId"": ""check_new_status"", ""endId"": ""end"", ""id"": ""flow_other"", ""type"": ""flow"", ""text"": ""Other"", ""isDefault"": true}]}","Handles all case status changes with appropriate actions.

STATUS TRANSITIONS:
- Escalated → Reassign to supervisor + notify
- Resolved → Send resolution email + wait 7 days + auto-close
- Closed → Send closure notification

TRIGGER: Status field changed
"
Case: Priority Alert System,Case,,"{""list"": [{""type"": ""eventStartConditional"", ""center"": {""x"": 60, ""y"": 120}, ""triggerType"": ""afterRecordCreated"", ""isInterrupting"": false, ""id"": ""start_priority"", ""text"": ""High/Urgent Priority"", ""conditionsAny"": [{""type"": ""any"", ""comparison"": ""equals"", ""fieldToCompare"": ""priority"", ""value"": ""High""}, {""type"": ""any"", ""comparison"": ""equals"", ""fieldToCompare"": ""priority"", ""value"": ""Urgent""}], ""conditionsAll"": []}, {""type"": ""gatewayExclusive"", ""center"": {""x"": 200, ""y"": 120}, ""id"": ""check_urgent"", ""text"": ""Is Urgent?"", ""flowList"": [{""id"": ""flow_urgent_yes"", ""conditionsAll"": [{""type"": ""all"", ""comparison"": ""equals"", ""fieldToCompare"": ""priority"", ""value"": ""Urgent""}]}], ""defaultFlowId"": ""flow_high_only""}, {""startId"": ""start_priority"", ""endId"": ""check_urgent"", ""type"": ""flow""}, {""type"": ""gatewayParallel"", ""center"": {""x"": 340, ""y"": 60}, ""id"": ""parallel_urgent"", ""text"": ""Urgent Alerts""}, {""startId"": ""check_urgent"", ""endId"": ""parallel_urgent"", ""id"": ""flow_urgent_yes"", ""type"": ""flow"", ""text"": ""Yes""}, {""type"": ""taskSendMessage"", ""center"": {""x"": 480, ""y"": 20}, ""id"": ""email_officer_urgent"", ""text"": ""Email to Officer"", ""messageType"": ""Email"", ""from"": ""system"", ""to"": ""targetEntity.assignedUser""}, {""type"": ""task"", ""center"": {""x"": 480, ""y"": 80}, ""id"": ""sms_officer_urgent"", ""text"": ""SMS to Officer"", ""actionList"": [{""type"": ""updateEntity"", ""formula"": ""// Send SMS via API""}]}, {""type"": ""taskSendMessage"", ""center"": {""x"": 480, ""y"": 140}, ""id"": ""email_team_lead_urgent"", ""text"": ""Email to Team Lead"", ""messageType"": ""Email"", ""from"": ""system"", ""to"": ""formula:record\\\\attribute('User', entity\\\\attribute('assignedUserId'), 'superiorId')""}, {""startId"": ""parallel_urgent"", ""endId"": ""email_officer_urgent"", ""type"": ""flow""}, {""startId"": ""parallel_urgent"", ""endId"": ""sms_officer_urgent"", ""type"": ""flow""}, {""startId"": ""parallel_urgent"", ""endId"": ""email_team_lead_urgent"", ""type"": ""flow""}, {""type"": ""gatewayParallel"", ""center"": {""x"": 620, ""y"": 80}, ""id"": ""join_urgent"", ""text"": ""Join""}, {""startId"": ""email_officer_urgent"", ""endId"": ""join_urgent"", ""type"": ""flow""}, {""startId"": ""sms_officer_urgent"", ""endId"": ""join_urgent"", ""type"": ""flow""}, {""startId"": ""email_team_lead_urgent"", ""endId"": ""join_urgent"", ""type"": ""flow""}, {""type"": ""gatewayParallel"", ""center"": {""x"": 340, ""y"": 180}, ""id"": ""parallel_high"", ""text"": ""High Priority Alerts""}, {""startId"": ""check_urgent"", ""endId"": ""parallel_high"", ""id"": ""flow_high_only"", ""type"": ""flow"", ""text"": ""No (High)"", ""isDefault"": true}, {""type"": ""taskSendMessage"", ""center"": {""x"": 480, ""y"": 200}, ""id"": ""email_officer_high"", ""text"": ""Email to Officer"", ""messageType"": ""Email"", ""from"": ""system"", ""to"": ""targetEntity.assignedUser""}, {""type"": ""taskSendMessage"", ""center"": {""x"": 480, ""y"": 260}, ""id"": ""email_team_high"", ""text"": ""Email to Team Lead"", ""messageType"": ""Email"", ""from"": ""system"", ""to"": ""formula:record\\\\attribute('User', entity\\\\attribute('assignedUserId'), 'superiorId')""}, {""startId"": ""parallel_high"", ""endId"": ""email_officer_high"", ""type"": ""flow""}, {""startId"": ""parallel_high"", ""endId"": ""email_team_high"", ""type"": ""flow""}, {""type"": ""gatewayParallel"", ""center"": {""x"": 620, ""y"": 220}, ""id"": ""join_high"", ""text"": ""Join""}, {""startId"": ""email_officer_high"", ""endId"": ""join_high"", ""type"": ""flow""}, {""startId"": ""email_team_high"", ""endId"": ""join_high"", ""type"": ""flow""}, {""type"": ""eventEnd"", ""center"": {""x"": 760, ""y"": 140}, ""id"": ""end""}, {""startId"": ""join_urgent"", ""endId"": ""end"", ""type"": ""flow""}, {""startId"": ""join_high"", ""endId"": ""end"", ""type"": ""flow""}]}","Sends immediate alerts for high and urgent priority cases.

ALERT LEVELS:
- Urgent: Email + SMS to assigned officer + team lead
- High: Email to assigned officer + team lead

TRIGGER: Case created with priority = High or Urgent
"
